Processor,Memory,Infected/Normal,
-2.490980916,	1.484893082,	1,
0.734095538,	1.422292317,	1,
-1.781325888,	0.444036194,	1,
1.436145617,	-0.547416247,	1,
1.906338296,	-1.038401379,	1,
1.305219004,	-0.716774284,	1,
2.653076837,	2.077162509,	1,
1.362492963,	1.418522393,	1,
2.384643615,	1.053699074,	1,
0.72171133,	-0.929447546,	1,
2.007416428,	-0.601563934,	1,
0.140137253,	2.298256448,	1,
0.955506456,	1.436065465,	1,
0.19904016,	-1.841634199,	1,
1.37242965,	1.596476035,	1,
0.126960697,	0.13146752,	1,
0.854054702,	1.88494608,	1,
0.670373517,	1.635202141,	1,
0.527494033,	1.560632302,	1,
0.172418901,	0.808296787,	1,
0.567898999,	0.401117347,	1,
2.047921563,	-0.847964208,	1,
1.308203491,	2.569850306,	1,
-1.676643278,	1.813909909,	1,
2.084722888,	1.469579755,	1,
2.051580088,	0.007192927,	1,
1.667540017,	-0.906340311,	1,
-0.044904868,	0.690290609,	1,
3.142826197,	0.329149574,	1,
0.445198418,	-1.756295594,	1,
2.292577034,	1.463595066,	1,
1.054215154,	0.71163699,	1,
0.944002908,	-1.399309701,	1,
0.004100345,	0.598861612,	1,
0.886370832,	0.742698831,	1,
0.991020491,	2.518787175,	1,
2.0185198, 1.888480485,	1,
1.212914177,	0.221908061,	1,
1.202027717,	0.91799421,	1,
-0.04274162,	-2.549035185,	1,
0.410152387,	2.40080229,	1,
0.756392969,	-1.893336628,	1,
0.712093129,	-1.376412853,	1,
-0.048689015,	0.909132019,	1,
0.039651966,	-2.545641153,	1,
0.800954608,	2.049366099,	1,
