System,Processor,Memory,Infected/Normal
Sys16,-0.201883718,0.981982516, Infected
Sys19,-0.624111019,2.190320362, Infected
Sys51,1.01591339,1.066320941, Infected
Sys73,0.991983766,1.025899763, Infected
Sys75,1.349883992,1.935660839, Infected
Sys91,1.414750836,0.013456397, Infected
Sys93,1.494243359,0.709502651, Infected
Sys100,1.529174496,0.970401796, Infected
Sys117,1.774048078,2.092380582, Infected
Sys141,-0.158207052,2.278580455, Infected
Sys167,-0.338571954,0.96722093, Infected
Sys180,0.351669422,3.218414663, Infected
Sys183,-0.227872295,0.965091778, Infected
Sys188,-0.466349392,2.177208144, Infected
Sys190,0.029212079,-0.408524684, Infected
Sys203,0.953074521,0.401402236, Infected
Sys211,1.497182845,1.707378682, Infected
Sys217,1.306662722,0.200182091, Infected
Sys233,1.326048067,0.897394722, Infected
Sys244,0.603703192,1.945139513, Infected
