System,Processor,Memory,Infected/Normal
Sys35,1.906338296,-1.038401379, Infected
Sys45,2.653076837,2.077162509, Infected
Sys47,2.384643615,1.053699074, Infected
Sys50,2.007416428,-0.601563934, Infected
Sys111,2.047921563,-0.847964208, Infected
Sys119,2.084722888,1.469579755, Infected
Sys123,2.051580088,0.007192927, Infected
Sys124,1.667540017,-0.906340311, Infected
Sys129,3.142826197,0.329149574, Infected
Sys138,2.292577034,1.463595066, Infected
Sys184,2.0185198,1.888480485, Infected
