Processor,Memory,Infected/Normal
1.436145617,-0.547416247,1
1.906338296,-1.038401379,1
1.305219004,-0.716774284,1
2.653076837,2.077162509,1
1.362492963,1.418522393,1
2.384643615,1.053699074,1
2.007416428,-0.601563934,1
1.37242965,1.596476035,1
2.047921563,-0.847964208,1
1.308203491,2.569850306,1
2.084722888,1.469579755,1
2.051580088,0.007192927,1
1.667540017,-0.906340311,1
3.142826197,0.329149574,1
1.540942665,0.042005635,1
2.292577034,1.463595066,1
2.0185198,1.888480485,1
1.212914177,0.221908061,1
1.202027717,0.91799421,1
